iter	Logloss
0	0.6543236138
1	0.6199036956
2	0.5979217506
3	0.5809663318
4	0.5685874242
5	0.5575309448
6	0.5503553277
7	0.5421698965
8	0.5370688143
9	0.5338076006
10	0.5301820904
11	0.5281142838
12	0.5249926631
13	0.5231357783
14	0.5199008139
15	0.5188314373
16	0.5151976663
